<?xml version="1.0" encoding="UTF-8" ?>
<odoo>
    <data>
        <template id="file_qweb_report_template">
            <t t-call="web.external_layout">
                <t t-call="web.html_container">
                    <t t-foreach="docs" t-as="move">
                        <style>
                            table, th, td {
                            border: 2px solid black;
                            border-collapse: collapse;
                            }
                        </style>
                        <div class="page">
                            <h4>
                                <b>Verification Report:</b>
                            </h4>
                            <table class="table table-sm" border="3">
                                <thead>
                                    <tr>
                                        <th>
                                            Scan Time:-
                                        </th>
                                        <td>
                                            <span t-field="move.time"/>
                                        </td>
                                    </tr>
                                    <tr>
                                        <th>
                                            Decode Time:-
                                        </th>
                                        <td>
                                            <span t-field="move.time"/>
                                        </td>
                                    </tr>
                                    <tr>
                                        <th>
                                            Barcode Data:-
                                        </th>
                                        <td>
                                            <span t-field="move.barcode_data"/>
                                        </td>
                                    </tr>
                                    <tr>
                                        <th>
                                            Minimum Reflectance:-
                                        </th>
                                        <td>
                                            <span t-field="move.rmin"/>
                                        </td>
                                    </tr>
                                    <tr>
                                        <th>
                                            Maximum Reflectance:-
                                        </th>
                                        <td>
                                            <span t-field="move.rmax"/>
                                        </td>
                                    </tr>
                                    <tr>
                                        <th>
                                            X Dimension:-
                                        </th>
                                        <td>
                                            <span t-field="move.xpixel"/>

                                        </td>
                                    </tr>
                                    <tr>
                                        <th>
                                            Y Dimension:-
                                        </th>
                                        <td>
                                            <span t-field="move.ypixel"/>
                                        </td>
                                    </tr>
                                </thead>
                            </table>
                        </div>

                        <div class="page">
                            <table class="table table-sm" border="3">
                                <thead>
                                    <tr>
                                        <th>ISO Parameter</th>
                                        <th>Grade</th>
                                        <th>Percentage</th>
                                    </tr>
                                    <tr>
                                        <td>Overall</td>
                                        <td>
                                            <span t-field="move.overall_grade"/>
                                        </td>
                                        <td>-</td>
                                    </tr>
                                    <tr>
                                        <td>Decode</td>
                                        <td>
                                            <span t-field="move.decode"/>
                                        </td>
                                        <td>-</td>
                                    </tr>
                                    <tr>
                                        <td>Symbol Contrast</td>
                                        <td>
                                            <span t-field="move.symbol_contrast"/>
                                        </td>
                                        <td>82%</td>
                                    </tr>
                                    <tr>
                                        <td>Axial Non-Uniformity</td>
                                        <td>
                                            <span t-field="move.axial_nonuniformity"/>
                                        </td>
                                        <td>1%</td>
                                    </tr>
                                    <tr>
                                        <td>Grid Non-Uniformity</td>
                                        <td>
                                            <span t-field="move.grid_nonuniformity"/>
                                        </td>
                                        <td>7%</td>
                                    </tr>
                                    <tr>
                                        <td>Modulation</td>
                                        <td>
                                            <span t-field="move.modulation"/>
                                        </td>
                                        <td>-</td>
                                    </tr>
                                    <tr>
                                        <td>Reflectance Margin</td>
                                        <td>
                                            <span t-field="move.reflection_margin"/>
                                        </td>
                                        <td>-</td>
                                    </tr>
                                    <tr>
                                        <td>Unused Error Correction</td>
                                        <td>
                                            <span t-field="move.unused_error"/>
                                        </td>
                                        <td>100%</td>
                                    </tr>
                                    <tr>
                                        <td>Contrast Uniformity</td>
                                        <td>
                                            <span t-field="move.contrast_uniformity"/>
                                        </td>
                                        <td>62%</td>
                                    </tr>
                                    <tr>
                                        <td>Fixed Pattern Damage</td>
                                        <td>
                                            <span t-field="move.fixed_pattern_damage"/>
                                        </td>
                                        <td>-</td>
                                    </tr>
                                </thead>
                            </table>
                        </div>
                        <br/>
                    </t>
                </t>
            </t>
        </template>
    </data>
    <report id="file_report_id"
            model="file.import"
            report_type="qweb-pdf"
            string="Print File Report"
            name="file_import.file_qweb_report_template"
            file="file_import.file_qweb_report_template"
    />
</odoo>